class,ball,field,player
ball,1.0,0.010886913651189784,-0.030211981642060896
field,0.010886913651189784,1.0,0.011144872044926169
player,-0.030211981642060896,0.011144872044926169,1.0
